{"is_source_file": false, "format": "", "description": "", "external_files": [], "external_methods": [], "published": [], "classes": [], "methods": [], "calls": [], "search-terms": [], "state": 2, "file_id": 5, "knowledge_revision": 13, "git_revision": "3c82cba84eab5488087d38ef31b6246795241d26", "hash": "0cf97a81150d3b8904f285780896980d", "format-version": 4, "code-base-name": "battleships_frontend", "filename": "battleships_frontend/tsconfig.json", "revision_history": [{"13": "3c82cba84eab5488087d38ef31b6246795241d26"}]}