{"is_source_file": true, "format": "JavaScript (ES Module, .mjs)", "description": "ESLint configuration module for a Next.js project, utilizing the FlatCompat utility to manage extended configurations.", "external_files": ["@eslint/eslintrc", "path", "url"], "external_methods": ["dirname"], "published": ["eslintConfig"], "classes": [], "methods": [{"name": "__filename", "description": "Stores the filename path derived from the module URL."}, {"name": "__dirname", "description": "Stores the directory path of the current file."}, {"name": "compat.extends", "description": "Method from FlatCompat used to extend ESLint configurations."}], "calls": ["compat.extends"], "search-terms": ["ESLint", "eslint config", "FlatCompat", "next/core-web-vitals", "next/typescript", "mjs", "ES Module", "eslint.config.mjs"], "state": 2, "file_id": 3, "knowledge_revision": 21, "git_revision": "3c82cba84eab5488087d38ef31b6246795241d26", "hash": "b43f470c5df5e9ff4c2f5e0bd917a881", "format-version": 4, "code-base-name": "battleships_frontend", "filename": "battleships_frontend/eslint.config.mjs", "revision_history": [{"21": "3c82cba84eab5488087d38ef31b6246795241d26"}]}