{"is_source_file": true, "format": "TypeScript/JavaScript (TSX/JSX)", "description": "This file defines a React component for rendering a 404 'Page Not Found' error page, displaying a message indicating the requested page does not exist.", "external_files": ["react"], "external_methods": [], "published": [], "classes": [], "methods": [{"name": "NotFound", "description": "React functional component that renders a 404 error page."}], "calls": ["React"], "search-terms": ["NotFound", "404", "Page Not Found", "react component", "error page", "jsx"], "state": 2, "file_id": 9, "knowledge_revision": 22, "git_revision": "3c82cba84eab5488087d38ef31b6246795241d26", "ctags": [], "hash": "6e11a41806f450f4131b5f7b53a61152", "format-version": 4, "code-base-name": "battleships_frontend", "filename": "battleships_frontend/src/app/not-found.tsx", "revision_history": [{"22": "3c82cba84eab5488087d38ef31b6246795241d26"}]}