{"is_source_file": true, "format": "TypeScript / TSX", "description": "This file defines the root layout component for a Next.js application, including metadata and the basic HTML structure.", "external_files": ["./globals.css"], "external_methods": [], "published": ["metadata"], "classes": [], "methods": [{"name": "RootLayout", "description": "React functional component that renders the root HTML structure with children elements."}], "calls": [], "search-terms": ["Next.js", "RootLayout", "ReactNode", "metadata", "layout"], "state": 2, "file_id": 8, "knowledge_revision": 20, "git_revision": "3c82cba84eab5488087d38ef31b6246795241d26", "ctags": [], "hash": "b8c9da91775e68b2caf15c64c76a1bf6", "format-version": 4, "code-base-name": "battleships_frontend", "filename": "battleships_frontend/src/app/layout.tsx", "revision_history": [{"20": "3c82cba84eab5488087d38ef31b6246795241d26"}]}