{"is_source_file": true, "format": "TypeScript", "description": "This file is a configuration file for a Next.js frontend project, specifying output export settings.", "external_files": ["next"], "external_methods": [], "published": ["default"], "classes": [], "methods": [], "calls": ["export default"], "search-terms": ["next.config.ts", "NextConfig", "output", "export"], "state": 2, "file_id": 4, "knowledge_revision": 16, "git_revision": "3c82cba84eab5488087d38ef31b6246795241d26", "ctags": [{"_type": "tag", "name": "nextConfig", "path": "/home/kavia/workspace/code-generation/battleships-classic-318011-318020/battleships_frontend/next.config.ts", "pattern": "/^const nextConfig: NextConfig = {$/", "language": "TypeScript", "kind": "constant"}], "hash": "d2e8cb2378dd8f1f25150e4609f18db6", "format-version": 4, "code-base-name": "battleships_frontend", "filename": "battleships_frontend/next.config.ts", "revision_history": [{"16": "3c82cba84eab5488087d38ef31b6246795241d26"}]}