{"is_source_file": false, "format": "", "description": "", "external_files": [], "external_methods": [], "published": [], "classes": [], "methods": [], "calls": [], "search-terms": [], "state": 2, "file_id": 11, "knowledge_revision": 19, "git_revision": "3c82cba84eab5488087d38ef31b6246795241d26", "hash": "3c1768b77216592a4081b38e1e50898f", "format-version": 4, "code-base-name": "battleships_frontend", "filename": "battleships_frontend/src/app/globals.css", "revision_history": [{"19": "3c82cba84eab5488087d38ef31b6246795241d26"}]}