{"is_source_file": false, "format": "", "description": "", "external_files": [], "external_methods": [], "published": [], "classes": [], "methods": [], "calls": [], "search-terms": [], "state": 2, "file_id": 7, "knowledge_revision": 17, "git_revision": "3c82cba84eab5488087d38ef31b6246795241d26", "hash": "e6692c25853b80b6ebb8a113b5470a5b", "format-version": 4, "code-base-name": "battleships_frontend", "filename": "battleships_frontend/package.json", "revision_history": [{"17": "3c82cba84eab5488087d38ef31b6246795241d26"}]}