{"is_source_file": true, "format": "JavaScript Module (.mjs)", "description": "Configuration file for PostCSS in a frontend project, particularly using Tailwind CSS.", "external_files": ["@tailwindcss/postcss"], "external_methods": [], "published": ["config"], "classes": [], "methods": [], "calls": ["export default config"], "search-terms": ["postcss", "tailwindcss", "postcss.config.mjs", "configuration", "frontend"], "state": 2, "file_id": 6, "knowledge_revision": 18, "git_revision": "3c82cba84eab5488087d38ef31b6246795241d26", "hash": "675899342e765a4d16acd75a53389101", "format-version": 4, "code-base-name": "battleships_frontend", "filename": "battleships_frontend/postcss.config.mjs", "revision_history": [{"18": "3c82cba84eab5488087d38ef31b6246795241d26"}]}