{"is_source_file": false, "format": "", "description": "", "external_files": [], "external_methods": [], "published": [], "classes": [], "methods": [], "calls": [], "search-terms": [], "state": 2, "file_id": 2, "knowledge_revision": 14, "git_revision": "3c82cba84eab5488087d38ef31b6246795241d26", "hash": "f15aaa42d5d299d091b1171097ea56ad", "format-version": 4, "code-base-name": "battleships_frontend", "filename": "battleships_frontend/README.md", "revision_history": [{"14": "3c82cba84eab5488087d38ef31b6246795241d26"}]}