{"is_source_file": true, "format": "TypeScript (TSX)", "description": "This file defines a React component that renders a homepage with a centered message indicating that the battleships frontend is being generated.", "external_files": [], "external_methods": [], "published": ["Home"], "classes": [], "methods": [{"name": "Home", "description": "React functional component that renders a centered message on the page."}], "calls": [], "search-terms": ["React", "TSX", "homepage", "battleships_frontend"], "state": 2, "file_id": 10, "knowledge_revision": 23, "git_revision": "3c82cba84eab5488087d38ef31b6246795241d26", "ctags": [], "hash": "ba683db1314448a75d2404e771020cc4", "format-version": 4, "code-base-name": "battleships_frontend", "filename": "battleships_frontend/src/app/page.tsx", "revision_history": [{"23": "3c82cba84eab5488087d38ef31b6246795241d26"}]}