{"is_source_file": false, "format": "", "description": "", "external_files": [], "external_methods": [], "published": [], "classes": [], "methods": [], "calls": [], "search-terms": ["battleships-classic-318011-318020"], "state": 2, "file_id": 1, "knowledge_revision": 15, "git_revision": "91a4cc93b9dbf05780325db0985b16129db5c850", "hash": "6fc574b38279c4c7525b14ec0f25c263", "format-version": 4, "code-base-name": "battleships_frontend", "filename": "README.md", "revision_history": [{"15": "91a4cc93b9dbf05780325db0985b16129db5c850"}]}